[
  {
    "id": 1,
    "title": "The Shawshank Redemption",
    
    "image":"https://upload.wikimedia.org/wikipedia/tr/e/e6/Esaretin-bedeli.jpg",
    "director": "Frank Darabont",
    "release_year": 1994,
    "description": "Two imprisoned men bond over a number of years, finding solace and eventual redemption through acts of common decency."
  },
  {
    "id": 2,
    "title": "The Godfather",
    "image":"https://www.hdfilmcehennemi.life/uploads/poster/district-13-ultimatum.jpg",
    "director": "Francis Ford Coppola",
    "release_year": 1972,
    "description": "The aging patriarch of an organized crime dynasty transfers control of his clandestine empire to his reluctant son."
  },
  {
    "id": 3,
    "title": "The Godfather",
    "image":"https://www.hdfilmcehennemi.life/uploads/poster/the-nightingale-izle.jpg",
    "director": "Francis Ford Coppola",
    "release_year": 1972,
    "description": "The aging patriarch of an organized crime dynasty transfers control of his clandestine empire to his reluctant son."
  },
  {
    "id": 4,
    "title": "The Godfather",
    "image":"https://www.hdfilmcehennemi.life/uploads/poster/cocaine-bear.jpg",
    "director": "Francis Ford Coppola",
    "release_year": 1972,
    "description": "The aging patriarch of an organized crime dynasty transfers control of his clandestine empire to his reluctant son."
  },
  {
    "id": 5,
    "title": "The Godfather",
    "image":"https://www.hdfilmcehennemi.life/uploads/poster/cocaine-bear.jpg",
    "director": "Francis Ford Coppola",
    "release_year": 1972,
    "description": "The aging patriarch of an organized crime dynasty transfers control of his clandestine empire to his reluctant son."
  },
  {
    "id": 6,
    "title": "The Godfather",
    "image":"https://www.hdfilmcehennemi.life/uploads/poster/cocaine-bear.jpg",
    "director": "Francis Ford Coppola",
    "release_year": 1972,
    "description": "The aging patriarch of an organized crime dynasty transfers control of his clandestine empire to his reluctant son."
  },
  {
    "id": 7,
    "title": "The Godfather",
    "image":"https://www.hdfilmcehennemi.life/uploads/poster/cocaine-bear.jpg",
    "director": "Francis Ford Coppola",
    "release_year": 1972,
    "description": "The aging patriarch of an organized crime dynasty transfers control of his clandestine empire to his reluctant son."
  },
  {
    "id": 8,
    "title": "The Godfather",
    "image":"https://www.hdfilmcehennemi.life/uploads/poster/cocaine-bear.jpg",
    "director": "Francis Ford Coppola",
    "release_year": 1972,
    "description": "The aging patriarch of an organized crime dynasty transfers control of his clandestine empire to his reluctant son."
  }
]
      